{"cameraMode":{"drawMode":0,"name":"Shaded","section":"Shading Mode"},"sceneLighting":false,"audioPlay":false,"sceneViewState":{"showFog":true,"showMaterialUpdate":false,"showSkybox":false,"showFlares":true,"showImageEffects":true,"showParticleSystems":true},"in2DMode":false,"pivot":{"x":6.216833591461182,"y":-3.3219001293182375,"z":1.401064157485962},"rotation":{"x":0.09914746880531311,"y":-0.17078140377998353,"z":0.017271574586629869,"w":0.9801667332649231},"size":9.815889358520508,"orthographic":false}