{"cameraMode":{"drawMode":0,"name":"Shaded","section":"Shading Mode"},"sceneLighting":false,"audioPlay":false,"sceneViewState":{"showFog":true,"showMaterialUpdate":false,"showSkybox":false,"showFlares":true,"showImageEffects":true,"showParticleSystems":true},"in2DMode":false,"pivot":{"x":0.6659446954727173,"y":-3.625894784927368,"z":-1.1799999475479127},"rotation":{"x":0.09914746880531311,"y":-0.17078140377998353,"z":0.017271574586629869,"w":0.9801667332649231},"size":2.3334522247314455,"orthographic":false}