{"cameraMode":{"drawMode":0,"name":"Shaded","section":"Shading Mode"},"sceneLighting":false,"audioPlay":false,"sceneViewState":{"showFog":true,"showMaterialUpdate":false,"showSkybox":false,"showFlares":true,"showImageEffects":true,"showParticleSystems":true},"in2DMode":false,"pivot":{"x":-1.8340599536895753,"y":-4.1259002685546879,"z":-2.6691999435424806},"rotation":{"x":0.09914746880531311,"y":-0.17078140377998353,"z":0.017271574586629869,"w":0.9801667332649231},"size":9.47852897644043,"orthographic":false}