{"cameraMode":{"drawMode":0,"name":"Shaded","section":"Shading Mode"},"sceneLighting":false,"audioPlay":false,"sceneViewState":{"showFog":true,"showMaterialUpdate":false,"showSkybox":true,"showFlares":true,"showImageEffects":true,"showParticleSystems":true},"in2DMode":false,"pivot":{"x":2.980860710144043,"y":-5.412075042724609,"z":10.627039909362793},"rotation":{"x":0.3355066776275635,"y":-0.2495114505290985,"z":0.09263870865106583,"w":0.9036654829978943},"size":23.45728874206543,"orthographic":false}