{"cameraMode":{"drawMode":0,"name":"Shaded","section":"Shading Mode"},"sceneLighting":false,"audioPlay":false,"sceneViewState":{"showFog":true,"showMaterialUpdate":false,"showSkybox":false,"showFlares":true,"showImageEffects":true,"showParticleSystems":true},"in2DMode":false,"pivot":{"x":2.139647960662842,"y":-4.0446858406066898,"z":-4.713432788848877},"rotation":{"x":0.09914746880531311,"y":-0.17078140377998353,"z":0.017271574586629869,"w":0.9801667332649231},"size":9.775580406188965,"orthographic":false}